strategy,label,total_cost_eur,total_reward,soc_met_pct,n_steps
sac,SAC (ours),450.78676118979433,-867.3128069831148,59.512195121951216,4613
always_on,Always-on baseline,719.8438957960925,-1046.2653022315317,60.48780487804878,4613
threshold,Price-threshold,208.31517424959813,-3298.5828727344096,38.048780487804876,4613
greedy_cheap,Greedy cheapest-hours,278.0622122918523,-1803.0076210461577,47.3170731707317,4613
